{"stats":{"minecraft:custom":{"minecraft:time_since_rest":4875,"minecraft:damage_taken":843,"minecraft:play_time":7527,"minecraft:sprint_one_cm":3910,"minecraft:deaths":3,"minecraft:walk_one_cm":12737,"minecraft:sneak_time":22,"minecraft:walk_under_water_one_cm":2949,"minecraft:mob_kills":6,"minecraft:jump":169,"minecraft:damage_dealt_resisted":95,"minecraft:damage_dealt":854,"minecraft:leave_game":2,"minecraft:time_since_death":4346,"minecraft:walk_on_water_one_cm":3015,"minecraft:total_world_time":7527,"minecraft:swim_one_cm":609,"minecraft:fall_one_cm":418,"minecraft:fly_one_cm":8926},"minecraft:killed":{"minecraft:zombie":3,"hordes:zombie_player":3},"minecraft:used":{"projectvibrantjourneys:cattail":2,"minecraft:bread":1,"marbledsarsenal:cm6m_gas_mask":1,"minecraft:leather_boots":1},"minecraft:mined":{"projectvibrantjourneys:cattail":5,"minecraft:grass":2,"minecraft:spruce_log":1,"minecraft:spruce_leaves":1,"minecraft:tall_grass":1,"minecraft:lily_pad":2},"minecraft:picked_up":{"pointblank:m1911a1":2,"pointblank:ammo45acp":103,"minecraft:leather_boots":2,"marbledsarsenal:police_baton":2,"minecraft:rotten_flesh":1,"minecraft:slime_ball":1,"minecraft:lily_pad":2,"pointblank:gunmetal_nugget":17,"projectvibrantjourneys:cattail":5,"minecraft:bread":18,"minecraft:gunpowder":1,"marbledsarsenal:cm6m_gas_mask":2,"alexsmobs:animal_dictionary":2},"minecraft:killed_by":{"hordes:zombie_player":1,"minecraft:zombie":2}},"DataVersion":3465}